timestamp,paper,node_id,node_seq,task_id,git_commit,domain,status,summary,evidence,predecessors,actor_role,metric_at_landing.name,metric_at_landing.pass,metric_at_landing.threshold,metric_at_landing.value,notes,revision,row_hash,runtime_metadata.base_commit,runtime_metadata.node_version,runtime_metadata.os,runtime_metadata.pytest_version,runtime_metadata.python_version,runtime_metadata.upstream_commit,verification.command,verification.timeout_s,verification_run.command,verification_run.duration_s,verification_run.exit_code,verification_run.output_sha256,verification_run.output_tail,verification_run.ran_at
2026-09-18T07:33:46.627266+00:00,vibe,vibe::scaffold,1,V0,0f6c38c,software,hypothesis,"Patch-level fork scaffold: upstream pin, apply/export/check scripts, roundtrip tests; upstream never vendored",,[],worker,,,,,,row 87c84b497e7aa3067aa74f95a8827b67c3b813f33216f4b3ba6e28ce4c578a2a,87c84b497e7aa3067aa74f95a8827b67c3b813f33216f4b3ba6e28ce4c578a2a,,,,,,,,,,,,,,
2026-09-18T07:33:46.639423+00:00,vibe,vibe::build,1,V1,0f6c38c,software,hypothesis,"Pinned Node toolchain, npm ci, compile and launch the unmodified dev build from the checkout",,"[""vibe::scaffold""]",worker,,,,,,row 57bf76855474b5fd924886ef9623376c0fd601ca97cb8a93621516246da77ebe,57bf76855474b5fd924886ef9623376c0fd601ca97cb8a93621516246da77ebe,,,,,,,,,,,,,,
2026-09-18T07:33:46.650237+00:00,vibe,vibe::branding,1,V2,0f6c38c,software,hypothesis,"product.json identity (Vibe Studio Code, applicationName vibe, .vibe data dir, Open VSX gallery) and the vibe CLI launcher",,"[""vibe::build""]",worker,,,,,,row ebf62e9575e3e3921496e6a7e747682d2dca1a985bc7856310e3a9bb75dfa9e3,ebf62e9575e3e3921496e6a7e747682d2dca1a985bc7856310e3a9bb75dfa9e3,,,,,,,,,,,,,,
2026-09-18T07:33:46.659992+00:00,vibe,vibe::wsbar-model,1,V3,0f6c38c,software,hypothesis,"Workspace-bar common model: entry identity from URI, host grouping, ordering, MRU; unit-tested without Electron",,"[""vibe::build""]",worker,,,,,,row 16be4dc597df595494f486441e2d074647c0a10bc58c194a3ed88277796a496a,16be4dc597df595494f486441e2d074647c0a10bc58c194a3ed88277796a496a,,,,,,,,,,,,,,
2026-09-18T07:33:46.670371+00:00,vibe,vibe::wsbar-main,1,V4,0f6c38c,software,hypothesis,"Main-process workspace-bar service: tracks windows, persists pinned entries, single-frame window switching, IPC channel",,"[""vibe::wsbar-model""]",worker,,,,,,row 637ff1d69d9ee62e45781b95d46e82a36eece9a8066b1fd64097d20ada668c5d,637ff1d69d9ee62e45781b95d46e82a36eece9a8066b1fd64097d20ada668c5d,,,,,,,,,,,,,,
2026-09-18T07:33:46.680394+00:00,vibe,vibe::wsbar-part,1,V5,0f6c38c,software,hypothesis,"Workbench part under the title bar: host-grouped workspace tabs, add/pin/close, commands and visibility setting",,"[""vibe::wsbar-main""]",worker,,,,,,row cc03d06d464a79a9ee65e4b059cc0e9f19972b3bf197ca4ae1b95ffd3eb5dab6,cc03d06d464a79a9ee65e4b059cc0e9f19972b3bf197ca4ae1b95ffd3eb5dab6,,,,,,,,,,,,,,
2026-09-18T07:33:46.691442+00:00,vibe,vibe::dag-model,1,V6,0f6c38c,software,hypothesis,"Ledger fold to a hypergraph model: AND-join hyperedges, ghost nodes, SCC/cycle analysis, frontier, closures, routes",,"[""vibe::scaffold""]",worker,,,,,,row 0c5edbb2be0b66616af4784e33422b7a63da1780657a900499cc6a7747f8031a,0c5edbb2be0b66616af4784e33422b7a63da1780657a900499cc6a7747f8031a,,,,,,,,,,,,,,
2026-09-18T07:33:46.702543+00:00,vibe,vibe::dag-view,1,V7,0f6c38c,software,hypothesis,"Dependency-free layered hypergraph layout and SVG view: junction routing, loop-backs, focus/reach/route, theme variables, browser harness",,"[""vibe::dag-model""]",worker,,,,,,row d4e67c04d9ed38719aa8f83d9b4cbc0f7f5d98dff84d6d3d1cb70622f4b2918e,d4e67c04d9ed38719aa8f83d9b4cbc0f7f5d98dff84d6d3d1cb70622f4b2918e,,,,,,,,,,,,,,
2026-09-18T07:33:46.714398+00:00,vibe,vibe::dag-integration,1,V8,0f6c38c,software,hypothesis,"Built-in extension integration: Chandra activity-bar view, editor panel, live ledger watcher, node drill-down to files",,"[""vibe::dag-view"", ""vibe::build""]",worker,,,,,,row 50225541fa2f9c590f3067b58b09c7b3b5cc1d08b3e8c542d90421f633ef9cfa,50225541fa2f9c590f3067b58b09c7b3b5cc1d08b3e8c542d90421f633ef9cfa,,,,,,,,,,,,,,
2026-09-18T07:33:46.724700+00:00,vibe,vibe::visual,1,V9,0f6c38c,software,hypothesis,Screenshot-driven visual verification of the running app and iteration on the findings,,"[""vibe::wsbar-part"", ""vibe::dag-integration"", ""vibe::branding""]",worker,,,,,,row de59e71f3aa442937d91f8efbc9e2a83c05b3ebbc3a6358475e4f441d609d59f,de59e71f3aa442937d91f8efbc9e2a83c05b3ebbc3a6358475e4f441d609d59f,,,,,,,,,,,,,,
2026-09-18T07:33:46.735712+00:00,vibe,vibe::package,1,V10,0f6c38c,software,hypothesis,Package the darwin-arm64 app and install the vibe command,,"[""vibe::visual""]",worker,,,,,,row 8667743d3b74b01a6b358ff9a4f3cbe068a110d14b7d71495df70ab93875df51,8667743d3b74b01a6b358ff9a4f3cbe068a110d14b7d71495df70ab93875df51,,,,,,,,,,,,,,
2026-09-18T07:54:56.990612+00:00,vibe,vibe::scaffold,2,V0,5d341dc,software,solid,"Patch-level fork scaffold: upstream pin, apply/export/check scripts, roundtrip tests; upstream never vendored",c849a4f,[],worker,tests_failed,True,0,0,"Promoted on commit c849a4f: 39 scaffold tests pass in 8.34 s. The suite checks the upstream pin in vibe/upstream.json, the apply/export/check scripts, and the patches+overlay roundtrip against a checkout that is never vendored into this repo. Bare python3 on this host has no pytest, so the verification command names python3.13.",row c5d43f5a5381e1ead83892559f6dcedec7ac7d389da00bc6cef78a3112d4f8b1,c5d43f5a5381e1ead83892559f6dcedec7ac7d389da00bc6cef78a3112d4f8b1,c849a4f,,Darwin 23.1.0,9.0.2,3.13.2,,python3.13 -m pytest tests/test_vibe_scaffold.py -q,300,python3.13 -m pytest tests/test_vibe_scaffold.py -q,8.132,0,07c2eef926162e0090994bc913805aa08a8b2cbb5b21d2c933b937a10300713f,".......................................                                  [100%]
",2026-09-18T07:54:48+00:00
2026-09-18T07:55:28.354061+00:00,vibe,vibe::build,2,V1,5d341dc,software,solid,"Pinned Node toolchain, npm ci, compile and launch the unmodified dev build from the checkout",c849a4f,"[""vibe::scaffold""]",worker,build_exit_code,True,0,0,"This node ships no source of its own; its bootstrap and build scripts and the upstream pin land with commit c849a4f. Measured: npm ci exit 0 in 1m44s under Node v24.18.0, npm run compile 0 errors in 20 s, dev build launched with the workbench up over CDP in ~6 s (screenshot /tmp/chandra/vibe/base.png, not committed). The built checkout is gitignored, so the verification command asserts the pinned Node version, the compiled out/main.js, the Electron app bundle, and that vibe/vscode HEAD equals the pinned upstream commit.",row 8d682c2616b6ec89abe8516a099fe094030f7d53449244c55b841304e861b3c0,8d682c2616b6ec89abe8516a099fe094030f7d53449244c55b841304e861b3c0,c849a4f,v24.18.0,Darwin 23.1.0,,,8a7abeba6e03ea3af87bfbce9a1b7e48fed567b8,"bash -c 'test ""$(vibe/.toolchain/node/bin/node --version)"" = v24.18.0 && test -f vibe/vscode/out/main.js && test -d ""vibe/vscode/.build/electron/Vibe Studio Code.app"" && git -C vibe/vscode rev-parse HEAD | grep -qx 8a7abeba6e03ea3af87bfbce9a1b7e48fed567b8'",120,"bash -c 'test ""$(vibe/.toolchain/node/bin/node --version)"" = v24.18.0 && test -f vibe/vscode/out/main.js && test -d ""vibe/vscode/.build/electron/Vibe Studio Code.app"" && git -C vibe/vscode rev-parse HEAD | grep -qx 8a7abeba6e03ea3af87bfbce9a1b7e48fed567b8'",0.099,0,e3b0c44298fc1c149afbf4c8996fb92427ae41e4649b934ca495991b7852b855,,2026-09-18T07:55:28+00:00
2026-09-18T07:55:57.024034+00:00,vibe,vibe::branding,2,V2,5d341dc,software,solid,"product.json identity (Vibe Studio Code, applicationName vibe, .vibe data dir, Open VSX gallery) and the vibe CLI launcher",2d9bdd9,"[""vibe::build""]",worker,tests_failed,True,0,0,"Promoted on commit 2d9bdd9: 38 branding tests pass in 0.95 s. The branded dev build ran as 'Vibe Studio Code.app' (process Vibe, CFBundleIdentifier dev.chandra.vibe) and the Extensions view returned live Open VSX results (screenshots /tmp/chandra/vibe/brand.png and brand-ext.png, not committed). [OPEN] upstream gulp hygiene rejects the extensionsGallery block in product.json. [OPEN] .vscode/launch.json, the debian postinst script and some fallback strings still say code-oss; none is on the macOS build path exercised here.",row aa3694d18c8d9718847da3e163a91bdb5ba68ef4e71cb849e1bd4bdb42833da4,aa3694d18c8d9718847da3e163a91bdb5ba68ef4e71cb849e1bd4bdb42833da4,2d9bdd9,v24.18.0,Darwin 23.1.0,9.0.2,3.13.2,,python3.13 -m pytest tests/test_vibe_branding.py -q,300,python3.13 -m pytest tests/test_vibe_branding.py -q,1.951,0,8e0dd3e259f68c193f05e3e04acef6407a9ed36e5124438d9f9a04fbd0db33db,"......................................                                   [100%]
",2026-09-18T07:55:55+00:00
